filename,width,height,class,xmin,ymin,xmax,ymax
0030.jpg,800,600,penis,30,230,107,443
0033.jpg,800,600,penis,547,278,664,466
0046.jpg,800,600,breast,397,165,451,224
0046.jpg,800,600,breast,466,277,536,345
0062.jpg,800,600,vagina,394,380,418,424
021.jpg,640,427,vagina,207,192,234,256
021.jpg,640,427,penis,119,347,238,393
035_big+tits_hairy_mature_MILF_usemy.jpg,800,600,breast,182,344,436,500
035_big+tits_hairy_mature_MILF_usemy.jpg,800,600,breast,465,351,669,487
053.jpg,800,600,vagina,510,276,548,384
056.jpg,800,600,vagina,414,493,435,549
056.jpg,800,600,breast,169,274,316,345
060.jpg,800,600,breast,236,280,328,340
060.jpg,800,600,breast,411,237,500,285
090.jpg,800,600,penis,187,198,275,299
090.jpg,800,600,penis,147,331,276,549
093-2.jpg,800,600,breast,322,237,411,288
093-2.jpg,800,600,breast,469,247,542,299
093-2.jpg,800,600,vagina,360,473,392,489
096_1000.jpg,800,600,breast,134,405,295,510
096_1000.jpg,800,600,breast,459,406,627,516
102-scottish-porn-in-handschellen.jpg,800,600,penis,128,348,214,426
102-scottish-porn-in-handschellen.jpg,800,600,breast,405,282,491,336
102-scottish-porn-in-handschellen.jpg,800,600,breast,440,338,527,432
102.jpg,800,600,vagina,86,473,105,507
102.jpg,800,600,penis,690,277,722,327
15-36.jpg,319,480,breast,54,224,127,316
15-36.jpg,319,480,breast,151,214,234,285
15-36.jpg,319,480,vagina,228,333,262,376
15-38.jpg,640,480,vagina,50,137,84,217
15-38.jpg,640,480,penis,12,64,85,137
15-41.jpg,320,480,vagina,160,245,199,334
15-41.jpg,320,480,breast,230,172,272,205
15-41.jpg,320,480,breast,104,204,155,229
15-42.jpg,640,427,vagina,248,218,297,319
15-43.jpg,360,480,breast,205,149,265,196
15-43.jpg,360,480,breast,121,155,179,205
15-43.jpg,360,480,vagina,178,333,200,362
15-43.jpg,360,480,penis,176,353,218,443
15-44.jpg,640,427,vagina,184,268,208,311
15-44.jpg,640,427,penis,121,278,201,332
15-44.jpg,640,427,breast,344,48,429,106
15-44.jpg,640,427,breast,394,94,478,188
15-45.jpg,320,480,vagina,168,367,195,408
15-45.jpg,320,480,breast,175,223,227,263
15-45.jpg,320,480,breast,85,224,144,263
15-46.jpg,317,480,breast,135,327,228,415
15-46.jpg,317,480,breast,15,336,96,430
15-46.jpg,317,480,penis,225,191,309,250
15-46.jpg,317,480,penis,63,180,116,218
15-46.jpg,317,480,penis,51,86,112,144
15-46.jpg,317,480,penis,243,159,302,192
15-47.jpg,322,480,breast,93,330,207,436
15-47.jpg,322,480,breast,191,293,289,417
15-49.jpg,360,480,penis,244,92,358,142
15-49.jpg,360,480,breast,78,259,203,346
15-49.jpg,360,480,breast,217,259,299,356
15-50.jpg,640,426,breast,469,164,567,254
15-50.jpg,640,426,breast,416,107,496,157
15-50.jpg,640,426,penis,224,235,304,284
15-50.jpg,640,426,vagina,299,222,322,248
15-50.jpg,640,426,breast,283,95,340,155
15-51.jpg,320,480,breast,181,188,241,264
15-51.jpg,320,480,breast,105,167,172,237
15-51.jpg,320,480,vagina,82,343,104,376
16-1.jpg,360,480,breast,190,210,236,250
16-1.jpg,360,480,breast,134,217,178,254
16-1.jpg,360,480,vagina,185,324,203,357
16-10.jpg,640,427,vagina,339,172,380,279
16-10.jpg,640,427,penis,364,260,484,423
16-12.jpg,640,360,vagina,259,101,366,246
16-13.jpg,640,427,vagina,305,329,325,368
16-13.jpg,640,427,penis,157,317,247,379
16-13.jpg,640,427,breast,352,201,383,223
16-13.jpg,640,427,breast,336,265,371,287
16-13.jpg,640,427,breast,315,217,339,237
16-14.jpg,640,427,vagina,253,89,370,161
16-14.jpg,640,427,penis,260,126,408,287
16-15.jpg,320,480,breast,111,223,155,267
16-15.jpg,320,480,breast,169,211,198,253
16-15.jpg,320,480,penis,183,73,263,121
16-16.jpg,320,480,penis,33,286,164,392
16-16.jpg,320,480,vagina,167,342,233,369
16-16.jpg,320,480,breast,178,159,240,200
16-16.jpg,320,480,breast,254,189,292,231
16-17.jpg,319,480,breast,53,196,141,319
16-17.jpg,319,480,breast,162,229,233,346
16-17.jpg,319,480,penis,127,290,196,453
16-18.jpg,640,480,breast,121,281,280,440
16-18.jpg,640,480,breast,306,293,482,456
16-19.jpg,360,480,vagina,140,366,188,454
16-20.jpg,640,420,vagina,91,202,109,231
16-20.jpg,640,420,penis,36,207,94,263
16-20.jpg,640,420,breast,295,175,350,223
16-20.jpg,640,420,breast,291,112,344,150
16-21.jpg,640,427,breast,156,213,247,319
16-21.jpg,640,427,breast,139,328,228,388
16-21.jpg,640,427,vagina,500,268,520,316
16-4.jpg,640,417,vagina,424,191,507,244
16-4.jpg,640,417,breast,203,39,306,127
16-4.jpg,640,417,breast,163,172,238,252
16-6.jpg,319,480,vagina,112,224,143,256
16-6.jpg,319,480,penis,87,246,121,320
16-6.jpg,319,480,penis,97,80,160,110
16-6.jpg,319,480,breast,70,113,113,151
16-7.jpg,640,427,vagina,123,278,156,330
16-7.jpg,640,427,penis,71,200,143,272
16-7.jpg,640,427,breast,336,203,378,268
17-1.jpg,319,480,vagina,159,199,211,291
17-2.jpg,640,480,vagina,236,205,333,352
17-3.jpg,640,427,vagina,208,79,313,212
17-3.jpg,640,427,penis,456,204,554,427
17-4.jpg,320,480,penis,34,295,75,357
17-4.jpg,320,480,vagina,75,302,104,329
17.jpg,640,480,breast,163,383,245,468
17.jpg,640,480,breast,244,345,289,418
17.jpg,640,480,breast,408,278,441,334
18-1.jpg,320,480,vagina,175,241,215,288
18-1.jpg,320,480,penis,182,290,260,459
18-1.jpg,320,480,breast,185,185,233,205
18.jpg,319,480,vagina,119,218,159,322
18yo-big-boobs-teen-ami-jordan-tight-1.jpg,640,427,breast,317,148,395,205
18yo-big-boobs-teen-ami-jordan-tight-1.jpg,640,427,breast,423,174,471,243
18_xl.jpg,640,427,vagina,330,268,349,316
18_xl.jpg,640,427,penis,303,323,359,427
18_xl.jpg,640,427,breast,373,141,447,206
18_xl.jpg,640,427,breast,253,136,339,202
19-1.jpg,640,427,vagina,145,230,172,264
19-1.jpg,640,427,penis,56,224,146,268
19-1.jpg,640,427,breast,336,105,407,179
19-1.jpg,640,427,breast,401,185,450,253
19.jpg,360,480,breast,51,327,165,440
19.jpg,360,480,breast,208,287,318,413
20-1.jpg,640,360,vagina,122,213,176,266
20-1.jpg,640,360,penis,29,241,135,321
20-1.jpg,640,360,breast,375,96,476,151
20-1.jpg,640,360,breast,317,50,414,104
20.jpg,640,427,penis,119,158,375,279
20.jpg,640,427,vagina,356,125,423,234
20C57FF.jpg,319,480,vagina,95,299,130,352
20C57FF.jpg,319,480,penis,82,340,140,436
21.jpg,322,480,breast,113,222,152,260
21sextury-india-summer-22470-09.jpg,640,427,penis,433,137,589,206
21sextury-india-summer-22470-09.jpg,640,427,vagina,319,289,351,335
22-1.jpg,320,480,vagina,98,332,130,378
22-1.jpg,320,480,penis,85,367,134,464
22-1.jpg,320,480,breast,195,183,247,231
22-1.jpg,320,480,breast,93,186,150,222
22.jpg,320,480,vagina,168,260,200,303
22.jpg,320,480,penis,185,305,249,440
22.jpg,320,480,penis,52,126,117,220
22.jpg,320,480,breast,140,170,204,205
22.jpg,320,480,breast,87,211,123,254
22e69e8d558a9faee47c6af704cbbc6e.jpg,375,480,breast,73,145,173,252
22e69e8d558a9faee47c6af704cbbc6e.jpg,375,480,breast,198,120,288,230
22_girl_porn_trickymasseur_young_you.jpg,640,427,breast,326,184,375,241
22_girl_porn_trickymasseur_young_you.jpg,640,427,vagina,114,141,158,176
23-1.jpg,360,480,breast,193,225,255,283
23-1.jpg,360,480,vagina,172,358,237,442
23-2.jpg,320,480,penis,42,119,106,177
23.jpg,800,600,vagina,569,254,667,313
24.jpg,800,600,penis,410,352,548,478
25-1.jpg,800,600,breast,319,201,443,264
25-1.jpg,800,600,breast,492,177,575,245
25-1.jpg,800,600,penis,378,426,455,505
25.jpg,800,600,vagina,393,393,419,484
25.jpg,800,600,breast,264,146,356,257
25.jpg,800,600,breast,405,132,498,240
25c4da897002664ce92423bcf482e6bd-1.jpg,800,600,breast,426,443,513,552
25c4da897002664ce92423bcf482e6bd-1.jpg,800,600,breast,519,425,650,551
25c4da897002664ce92423bcf482e6bd-1.jpg,800,600,vagina,251,131,333,159
26-1.jpg,800,600,penis,641,260,726,329
26-1.jpg,800,600,breast,335,340,389,403
26-1.jpg,800,600,penis,93,238,135,287
27-2.jpg,800,600,penis,320,372,603,600
27-3.jpg,800,600,penis,517,150,687,291
27ba69b702a40f3653652937de7ca3fb--fr.jpg,800,600,breast,258,353,422,488
27ba69b702a40f3653652937de7ca3fb--fr.jpg,800,600,breast,418,352,555,487
28-1.jpg,800,600,breast,271,243,415,349
28-1.jpg,800,600,penis,176,405,350,540
28-1.jpg,800,600,vagina,343,354,428,430
28.jpg,800,600,breast,297,204,384,259
28.jpg,800,600,breast,477,204,549,253
30-1.jpg,800,600,breast,264,217,392,299
30-1.jpg,800,600,breast,416,174,542,234
30-1.jpg,800,600,vagina,540,360,597,403
30-2.jpg,800,600,vagina,272,379,324,449
30-2.jpg,800,600,breast,242,281,349,343
30-3.jpg,800,600,penis,693,166,782,226
30-3.jpg,800,600,vagina,587,195,609,268
30-3.jpg,800,600,breast,266,362,337,475
30-4.jpg,800,600,penis,693,166,782,226
30-4.jpg,800,600,vagina,587,195,609,268
30-4.jpg,800,600,breast,266,362,337,475
30.jpg,800,600,vagina,154,376,228,391
30.jpg,800,600,breast,578,190,651,259
30.jpg,800,600,breast,642,250,697,296
31-1.jpg,800,600,penis,627,345,708,424
31-1.jpg,800,600,vagina,656,307,673,340
31-2.jpg,800,600,breast,366,220,458,307
31-2.jpg,800,600,penis,411,330,536,423
31-3.jpg,800,600,penis,325,504,398,562
31-3.jpg,800,600,breast,215,149,281,230
31-3.jpg,800,600,breast,317,165,425,260
31.jpg,800,600,penis,227,241,283,392
32.jpg,800,600,penis,120,455,170,554
32.jpg,800,600,penis,639,364,707,466
32.jpg,800,600,breast,464,249,503,292
33Slutty_Elf_gets_Fucked_by_Tentacle.jpg,800,600,breast,230,148,387,224
35-1.jpg,800,600,breast,212,378,397,485
35-1.jpg,800,600,breast,544,366,689,466
35.jpg,800,600,breast,259,274,313,299
35.jpg,800,600,breast,440,270,506,302
35.jpg,800,600,penis,280,493,386,593
38-1.jpg,800,600,penis,562,180,795,328
38.jpg,800,600,vagina,403,441,420,486
38.jpg,800,600,breast,327,205,390,262
38.jpg,800,600,breast,218,220,295,279
39-beautiful-stockings-porn-photos.jpg,800,600,penis,244,321,297,387
40-1.jpg,800,600,breast,156,313,331,377
40-1.jpg,800,600,breast,348,306,495,379
40-1.jpg,800,600,breast,580,94,656,130
40-1.jpg,800,600,breast,638,80,703,115
40-1.jpg,800,600,penis,471,61,551,88
40-1.jpg,800,600,penis,564,13,697,57
40-1.jpg,800,600,penis,235,93,378,141
40-1.jpg,800,600,penis,394,234,525,278
40oz-big-ass-kapri-styles-1.jpg,800,600,vagina,468,390,504,506
41.jpg,800,600,breast,619,278,725,361
41.jpg,800,600,breast,487,340,622,400
41.jpg,800,600,penis,354,391,461,515
45-1.jpg,800,600,breast,230,282,259,322
48.jpg,800,600,breast,173,234,283,315
48.jpg,800,600,breast,434,240,551,320
50plusmilfs_big+tits_blonde_fucking_.jpg,800,600,breast,188,171,350,259
50plusmilfs_big+tits_blonde_fucking_.jpg,800,600,breast,519,182,667,287
50plusmilfs_big+tits_blonde_fucking_.jpg,800,600,penis,217,471,362,588
51.jpg,800,600,breast,159,238,337,333
51.jpg,800,600,breast,344,255,521,348
55.jpg,800,600,breast,341,213,491,299
55.jpg,800,600,penis,142,201,331,265
55.jpg,800,600,penis,429,128,552,215
55.jpg,800,600,penis,351,386,462,522
58-free-porn-from-africa.jpg,800,600,penis,45,200,130,438
58-free-porn-from-africa.jpg,800,600,breast,364,233,417,297
58-free-porn-from-africa.jpg,800,600,breast,366,304,437,360
58-free-porn-from-africa.jpg,800,600,penis,711,286,800,408
58-free-porn-from-africa.jpg,800,600,vagina,675,331,706,363
60.jpg,800,600,vagina,373,229,423,308
60.jpg,800,600,penis,245,316,414,526
69.jpg,800,600,penis,259,395,491,530
69.jpg,800,600,breast,186,308,313,374
69.jpg,800,600,breast,401,343,532,424
69_181.jpg,800,600,penis,148,277,256,360
69_181.jpg,800,600,penis,574,271,619,309
71.jpg,800,600,penis,224,402,300,490
71.jpg,800,600,breast,429,219,504,281
71.jpg,800,600,breast,515,285,605,360
71.jpg,800,600,vagina,287,373,322,408
73_l.jpg,800,600,vagina,398,396,496,427
80OuEN6.jpg,800,600,penis,1,310,192,434
80OuEN6.jpg,800,600,vagina,216,196,288,263
84.jpg,800,600,penis,385,371,555,433
84.jpg,800,600,breast,378,243,449,289
84.jpg,800,600,breast,464,210,499,246
86.jpg,800,600,breast,366,224,457,276
86.jpg,800,600,breast,541,229,628,278
86.jpg,800,600,penis,295,318,430,469
90dec04a77c8ae3c0419400d76d9194a.jpg,800,600,breast,400,288,530,365
90dec04a77c8ae3c0419400d76d9194a.jpg,800,600,breast,373,187,458,262
